{
    "root_group": {
        "name": "",
        "path": "",
        "id": "d41d8cd98f00b204e9800998ecf8427e",
        "groups": {},
        "checks": {
                "seed game created": {
                    "name": "seed game created",
                    "path": "::seed game created",
                    "id": "c47c77dca253ab6dc1aef8f7483e7a42",
                    "passes": 100,
                    "fails": 0
                }
            }
    },
    "metrics": {
        "http_req_blocked": {
            "avg": 0.36194671,
            "min": 0.148829,
            "med": 0.2955985,
            "max": 1.06542,
            "p(90)": 0.557547900000002,
            "p(95)": 0.91634
        },
        "vus_max": {
            "value": 10,
            "min": 10,
            "max": 10
        },
        "http_req_waiting": {
            "max": 48.3798,
            "p(90)": 25.509705700000005,
            "p(95)": 42.7701017,
            "avg": 11.2751238,
            "min": 3.772582,
            "med": 6.773228
        },
        "http_req_duration": {
            "p(95)": 42.939190499999995,
            "avg": 11.685958499999996,
            "min": 3.984154,
            "med": 7.1806365,
            "max": 48.60548,
            "p(90)": 26.3648674
        },
        "http_req_tls_handshaking": {
            "p(95)": 0,
            "avg": 0,
            "min": 0,
            "med": 0,
            "max": 0,
            "p(90)": 0
        },
        "iteration_duration": {
            "p(95)": 144.27544375,
            "avg": 112.76081111999996,
            "min": 105.031941,
            "med": 108.1327695,
            "max": 149.928857,
            "p(90)": 127.18689660000001
        },
        "http_reqs": {
            "count": 100,
            "rate": 86.77334275983394
        },
        "http_req_sending": {
            "med": 0.049145,
            "max": 0.148037,
            "p(90)": 0.10424480000000001,
            "p(95)": 0.11394374999999998,
            "avg": 0.059441520000000005,
            "min": 0.019452
        },
        "data_received": {
            "count": 30807,
            "rate": 26732.263704022043
        },
        "http_req_receiving": {
            "min": 0.047199,
            "med": 0.1830115,
            "max": 2.171469,
            "p(90)": 0.792983600000001,
            "p(95)": 1.1820076999999998,
            "avg": 0.3513931800000001
        },
        "data_sent": {
            "count": 25951,
            "rate": 22518.550179604506
        },
        "http_req_duration{expected_response:true}": {
            "p(95)": 42.939190499999995,
            "avg": 11.685958499999996,
            "min": 3.984154,
            "med": 7.1806365,
            "max": 48.60548,
            "p(90)": 26.3648674
        },
        "http_req_failed": {
            "passes": 0,
            "fails": 100,
            "value": 0
        },
        "http_req_connecting": {
            "avg": 0.23498023999999998,
            "min": 0.122666,
            "med": 0.227926,
            "max": 0.409229,
            "p(90)": 0.32596500000000017,
            "p(95)": 0.36319195
        },
        "checks": {
            "passes": 100,
            "fails": 0,
            "value": 1
        },
        "iterations": {
            "count": 100,
            "rate": 86.77334275983394
        },
        "vus": {
            "value": 10,
            "min": 10,
            "max": 10
        }
    }
}