{
    "root_group": {
        "name": "",
        "path": "",
        "id": "d41d8cd98f00b204e9800998ecf8427e",
        "groups": {},
        "checks": {
                "GET /games/:id": {
                    "fails": 476,
                    "name": "GET /games/:id",
                    "path": "::GET /games/:id",
                    "id": "295d5cc9a621de8222b7e7876f81250c",
                    "passes": 3825
                },
                "GET /games": {
                    "name": "GET /games",
                    "path": "::GET /games",
                    "id": "66bd59677fd4d9e570d7c72ef4dd6e81",
                    "passes": 3733,
                    "fails": 479
                }
            }
    },
    "metrics": {
        "data_received": {
            "count": 3101454988,
            "rate": 7951982.664925945
        },
        "http_req_duration{expected_response:true}": {
            "avg": 3798.5937522094837,
            "min": 41.848226,
            "med": 1682.942062,
            "max": 57562.014887,
            "p(90)": 7644.434086,
            "p(95)": 8361.952746599994
        },
        "checks": {
            "passes": 7558,
            "fails": 955,
            "value": 0.8878186303300833
        },
        "http_req_failed": {
            "passes": 4780,
            "fails": 3733,
            "value": 0.5614941853635617
        },
        "http_req_receiving": {
            "max": 340.470824,
            "p(90)": 36.397146800000016,
            "p(95)": 63.47375699999998,
            "avg": 11.911488478444754,
            "min": -4.592548,
            "med": 2.054876
        },
        "http_reqs": {
            "rate": 21.82692597133851,
            "count": 8513
        },
        "http_req_waiting": {
            "p(95)": 9770.499627399986,
            "avg": 4140.02904813851,
            "min": 0,
            "med": 1456.812549,
            "max": 57934.211684,
            "p(90)": 7657.183041
        },
        "http_req_duration": {
            "avg": 4151.988530359225,
            "min": 0,
            "med": 1469.008884,
            "max": 57934.277128,
            "p(90)": 7677.712376800001,
            "p(95)": 9819.857084199999,
            "thresholds": {
                "p(95)<1500": true
            }
        },
        "http_req_blocked": {
            "avg": 1475.0027968027746,
            "min": 0,
            "med": 0.352126,
            "max": 19573.92307,
            "p(90)": 4103.8829254,
            "p(95)": 7135.7786227999995
        },
        "data_sent": {
            "count": 625356,
            "rate": 1603.3829575628292
        },
        "http_req_sending": {
            "min": 0,
            "med": 0.042868,
            "max": 0.773053,
            "p(90)": 0.08532580000000001,
            "p(95)": 0.0992026,
            "avg": 0.047993742276518495
        },
        "http_req_connecting": {
            "p(95)": 7135.7120858,
            "avg": 1474.935526147302,
            "min": 0,
            "med": 0.270972,
            "max": 19573.871934,
            "p(90)": 4103.8154592
        },
        "errors": {
            "passes": 955,
            "fails": 0,
            "thresholds": {
                "rate<0.05": true
            },
            "value": 1
        },
        "iteration_duration": {
            "max": 61498.737318,
            "p(90)": 30612.1969506,
            "p(95)": 31190.6465154,
            "avg": 9255.36282579214,
            "min": 518.571955,
            "med": 3079.188773
        },
        "http_req_tls_handshaking": {
            "p(90)": 0,
            "p(95)": 0,
            "avg": 0,
            "min": 0,
            "med": 0,
            "max": 0
        },
        "iterations": {
            "count": 8513,
            "rate": 21.82692597133851
        },
        "vus": {
            "value": 2,
            "min": 1,
            "max": 500
        },
        "vus_max": {
            "value": 500,
            "min": 500,
            "max": 500
        }
    }
}